Section #,Section Name,Parameter / Check / Case,Assignment Value,Literature Value / Range,"Verified Reference (Author, Year, Source)",Deviation,Status
1,Kinetic Parameters,Pre-exponential factor k₀,5.01 × 10⁶ s⁻¹,4–8 × 10⁶ s⁻¹,"Miki et al. (1984) Pol. J. Chem. 58, 487; Batiha (2017) Jordan J. Chem. Eng.",Within range, Confirmed
1,Kinetic Parameters,Activation energy EA,72.5 kJ/mol,60–88 kJ/mol,"Zheng et al. (2007) J. Phys. Chem. A 111(34) — DFT: acid ~80, alkaline ~60 kJ/mol; Parker & Isaacs (1959) Can. J. Chem. 37, 1597 — 79.5 kJ/mol (neutral aqueous); iomosaic DIERS WP-02 (2009) — single EA for EO–water reactions",~9% vs 79.5 kJ/mol,Confirmed
1,Kinetic Parameters,Rate constant k(423 K),5.5817e-03 s⁻¹,~2.8 × 10⁻³ s⁻¹ (extrapolated),ACS Ind. Eng. Chem. Res. (2009) DOI:10.1021/ie901037w — experiments at 358–388 K only; Arrhenius extrap. to 423 K carries ±factor 2,×2 (35–65 K extrap. gap), Acceptable
1,Kinetic Parameters,Reaction order in EO,1st order (pseudo),1st order (H₂O large excess),"Fogler H.S. (2016) Elements of CRE, 5th ed., Ch. 3; Miki et al. (1984) — verified in dilute aqueous EO; EPA Health Assessment for EO (1985) Table 3-3",Exact match, Confirmed
2,Thermodynamic Parameters,Reaction enthalpy ΔHR,−92.2 kJ/mol,−91.8 to −92.8 kJ/mol (direct); −88 to −94 kJ/mol (industrial),"Moureu & Dode (1937) Bull. Soc. Chim. France 4, 637–647 — DIRECT aqueous calorimetry: midpoint of measured range; Kirk-Othmer Enc. Chem. Tech. (2004) Vol. 10; EU BAT 2017 BREF",<0.3% vs direct calorimetry, Confirmed
2,Thermodynamic Parameters,Adiabatic temperature rise ΔTad,49.95 K,38–50 K,Shell Catalysts & Technologies (2017) EOEG Manufacturing Technology — ~38 K at 9 wt% EO; Güttel & Turek (2021) Chemische Reaktionstechnik Springer Eq. 11.6b p.143; Formula: −ΔHR·cEOin/(ρ·cp) = 92200×2270/(1000×4190) = 49.95 K ✓,At upper bound (higher feed conc.), Confirmed
2,Thermodynamic Parameters,Fluid density ρ,1000 kg/m³,917 kg/m³ @ 423 K (IAPWS-IF97),"NIST WebBook Fluid Properties (Water, CAS 7732-18-5) — ρ=917.0 kg/m³ @ 423 K, 1 bar; Wagner & Kruse (2007) IAPWS-IF97; Perry's CEnH 8th ed. Table 2-98",~9% (standard dilute aq. approx.), Std Approx.
2,Thermodynamic Parameters,Heat capacity cp,4.19 kJ/(kg·K),4.256 kJ/(kg·K) @ 423 K,"NIST WebBook Fluid Properties (Water) — cp=4.256 kJ/(kg·K) @ 423 K, 1 bar; Perry's CEnH 8th ed. Table 2-151; VDI Heat Atlas 11th ed. (2010)",<1.6%, Confirmed
2,Thermodynamic Parameters,Prater number β,0.1181,0.10–0.14 (near-adiabatic regime),Güttel & Turek (2021) Chemische Reaktionstechnik Springer Eq. 11.6c p.144 — β = −ΔHR·cEOin/(ρ·cp·Tin) = 49.95/423 = 0.1181; Fogler (2016) CRE 5th ed. Ch. 12 — Damköhler/Prater analysis,0%, Confirmed
3,Operating Conditions,Inlet temperature Tin,423 K (150 °C),150–270 °C,EU BAT 2017 BREF (Large Volume Organics) Table 5.1; Ullmann's Enc. Ind. Chem. (Sattler 2012) Vol. A10 p.101 — non-catalytic route window,At lower bound of industrial range, Realistic
3,Operating Conditions,Wall temperature Twall,423 K (150 °C),408–473 K (4–15 bar steam sat.),"VDI Heat Atlas 11th ed. (2010) — steam saturation: 4 bar→417 K, 15 bar→471 K; Perry's CEnH 8th ed. Table 2-171; Assignment notebook motivates Twall by steam pressure levels",Matches 4-bar steam condensation T, Realistic
3,Operating Conditions,Wall HTC hW,500 W/(m²·K),200–2000 W/(m²·K),Incropera et al. (2011) Fund. Heat & Mass Transfer 7th ed. Table 1.1 — turbulent forced convection liquids; Perry's CEnH 8th ed. Sec. 11-10,Conservative mid-range estimate, Realistic
3,Operating Conditions,Fluid velocity u,1.0 m/s,0.5–3.0 m/s,Perry's CEnH 8th ed. Sec. 6-3 — recommended liquid velocity in process pipes; Towler & Sinnott (2013) Chemical Engineering Design 2nd ed.,Mid-range, Realistic
3,Operating Conditions,Tube diameter dR,30 mm (0.03 m),25–50 mm,Shell Catalysts & Technologies (2017) EOEG Manufacturing Technology — tube diameter range; EU BAT 2017 — multi-tube reactor specifications,Mid-range, Realistic
3,Operating Conditions,EO inlet conc. cEOin,2.27 mol/L (2270 mol/m³),2.0–4.0 mol/L (10–20 wt%),EU BAT 2017 — 10–20 wt% EO feed; Ullmann's EG (Sattler 2012) — 20:1 H₂O:EO dilution ratio; Unit check: 10 wt% EO → 100×0.1/44×1000 = 2272 mol/m³ ✓,<0.1% vs unit calculation, Confirmed
3,Operating Conditions,Reactor length L,300 m,100–500 m (industrial tube bundle),Perry's CEnH 8th ed. — tubular reactor design; Shell EOEG Manufacturing Technology (2017); τ = L/u = 300 s at u=1 m/s → realistic,Mid-range, Realistic
3,Operating Conditions,Stanton number St,0.0159,< 0.05 (near-adiabatic regime),Güttel & Turek (2021) Eq. 11.6b p.143 — St = hW·(4/dR)/(ρ·cp·u); Formula: 500×(4/0.03)/(1000×4190×1) = 0.0159 < 0.05 → near-adiabatic ✓,0%, Confirmed
4,Base Case Simulation Results,Outlet EO conversion Xout,92.6%,≥90% (non-catalytic thermal route),"Shell Catalysts & Technologies OMEGA Process (2025) — conventional non-cat. ~90%; Arrieta (2025, Scribd) — 90% MEG yield at 20:1 H₂O:EO; EU BAT 2017",+2.9% above benchmark, Consistent
4,Base Case Simulation Results,Outlet temperature Tout,426.44 K (153.3 °C),150–250 °C,EU BAT 2017 BREF Table 5.1 — industrial outlet T range; Shell EOEG Manufacturing Technology (2017),At lower end of window, Within Window
4,Base Case Simulation Results,Hot-spot temperature Tmax,437.31 K (164.2 °C),150–250 °C (operating range),EU BAT 2017 — operating temperature window; Güttel & Turek (2021) — exothermic PFR hot-spot formation theory; Shell EOEG tech (2017) — temperature control specs,Within operating window, Within Window
4,Base Case Simulation Results,Hot-spot axial location z(Tmax),98.1 m ≈ L/3.1,~L/3 of reactor length,Fogler H.S. (2016) CRE 5th ed. Ch. 12 — exothermic PFR hot-spot theory; Güttel & Turek (2021) — hot-spot position analysis,Exact physical trend, Correct Physics
4,Base Case Simulation Results,Isothermal conversion Xiso,81.3%,~81.3% (analytical lower bound),Analytical: X=1−exp(−k(Tin)·L/u) = 1−exp(−5.582e-3×300) = 81.3%; Fogler (2016) CRE 5th ed. Ch. 5 — 1st-order irreversible PFR; Numerical hW→∞ confirms to 7 sig. figs.,Exact, Confirmed
4,Base Case Simulation Results,Mass-balance residual,3.64 × 10⁻¹² mol/m³,< 10⁻⁶ mol/m³,scipy.integrate.solve_ivp — rtol=atol=1e-8; IEEE 754 machine precision ~2.2×10⁻¹⁶; Stoichiometric check: cEO+cEG=cEOin throughout reactor,10⁶× better than threshold, Pass
5,Verification Checks,V1 – Isothermal analytical limit,rel. err = 1.90 × 10⁻⁸,< 10⁻⁵,Analytical 1st-order IVP: cEO(z)=cEOin·exp(−k(Tin)·z/u); Fogler (2016) CRE 5th ed. Ch. 5; solver rtol=atol=1e-8 → result 100× within tolerance,100× better than tolerance, Pass
5,Verification Checks,V2 – Stoichiometric mass balance,3.64 × 10⁻¹² mol/m³,< 10⁻⁶ mol/m³,"Stoichiometric constraint ν(EO)=−1, ν(EG)=+1 → cEO+cEG=const; Fogler (2016) CRE Ch. 3 — atom balance; machine precision IEEE 754",10⁶× better than threshold, Pass
5,Verification Checks,V3 – Adiabatic energy balance,err = 3.41 × 10⁻¹³ K,< 10⁻³ K,Analytical first integral (adiabatic): T(z)=Tin+ΔTad·X(z); Güttel & Turek (2021) Eq. 11.6b; Fogler (2016) CRE Ch. 12,Machine precision, Pass
5,Verification Checks,V4 – Solver independence (LSODA/BDF/Radau),"All methods: Xout=0.9262, Tmax=437.31 K",Methods agree to < 10⁻⁴,"scipy.integrate.solve_ivp — LSODA, BDF, Radau; Hairer & Wanner (1996) Solving ODEs II Springer — stiff solver benchmarks; Tolerance sweep 1e-4 to 1e-10 confirms stability",All 3 methods identical, Pass
6,Parameter Variation,Adiabatic case (hW=0),"X=100%, Tmax=472.95 K",Upper limit: Tout=Tin+ΔTad=472.95 K (exact),Fogler (2016) CRE 5th ed. Ch. 12 — adiabatic PFR; Güttel & Turek (2021) Eq. 11.6b; analytical result confirmed by simulation,0.00 K error (exact), Correct
6,Parameter Variation,Isothermal case (hW→∞),"X=81.3%, T=const=423 K",Lower bound: X=1−exp(−k·τ)=81.3%,Fogler (2016) CRE 5th ed. Ch. 5 — 1st-order isothermal PFR; analytical solution confirmed by V1 check,Exact, Correct
6,Parameter Variation,"Twall=373 K (100°C, 1-bar steam)","X=27.2%, reaction suppressed",Low Twall cools fluid → suppresses Arrhenius k(T),"EU BAT 2017 — effect of low-T steam; Güttel & Turek (2021) — St number interpretation; Notebook: 'less than 30% conversion, highly inefficient'",Expected physical trend, Correct
6,Parameter Variation,"Twall=473 K (200°C, 20-bar steam)","X=100%, Tmax>500 K",High Twall → near-complete conversion,Shell OMEGA Process (2025) — 200–270°C achieves full conversion; EU BAT 2017 — higher-T steam heating; notebook section 4.2,Expected physical trend, Correct
6,Parameter Variation,u=0.5 m/s (τ doubled to 600 s),X=98.8%,Longer τ → higher X (irreversible reaction),Fogler (2016) CRE Ch. 12 — PFR space-time; Perry's CEnH 8th ed. — residence time effect; notebook section 4,Expected physical trend, Correct
6,Parameter Variation,u=2.0 m/s (τ halved to 150 s),X=75.9%,Shorter τ → lower X,Fogler (2016) CRE Ch. 12; Perry's CEnH 8th ed.; notebook section 4,Expected physical trend,✅ Correct
6,Parameter Variation,cEOin=4.0 mol/L (higher feed conc.),"X=99.5%, Tmax=445 K, β=0.234",β↑ → stronger self-heating → higher X,"Güttel & Turek (2021) Sec. 11.3 — Prater β scaling with cEOin; Arrieta (2025, Scribd) — concentration effect on conversion; notebook section 4.4",Expected physical trend, Correct
6,Parameter Variation,dR=10 mm (smaller tube),"X=94.6%, hot-spot reduced",(4/dR)↑ → stronger wall cooling per unit vol.,Güttel & Turek (2021) Eq. 11.2b — (4/dR) term in energy balance; EU BAT 2017 — small-dia. tubes for thermal control; St∝1/dR → larger St → more isothermal,Expected physical trend, Correct
6,Parameter Variation,dR=100 mm (larger tube),"X≈100%, near-adiabatic profile","(4/dR)↓ → wall exchange negligible, St→0",Güttel & Turek (2021) Eq. 11.2b; St=500×(4/0.1)/(1000×4190×1)=0.00477≈0 → near-adiabatic ✓; Fogler (2016) CRE Ch. 12,Expected physical trend, Correct
